index,label,gyrus,lobe,,
0,Unknown,Unknown,Unknown,,
1,A8m_L,SFG,Frontal,,
2,A8m_R,SFG,Frontal,,
3,A8dl_L,SFG,Frontal,,
4,A8dl_R,SFG,Frontal,,
5,A9l_L,SFG,Frontal,,
6,A9l_R,SFG,Frontal,,
7,A6dl_L,SFG,Frontal,,
8,A6dl_R,SFG,Frontal,,
9,A6m_L,SFG,Frontal,,
10,A6m_R,SFG,Frontal,,
11,A9m_L,SFG,Frontal,,
12,A9m_R,SFG,Frontal,,
13,A10m_L,SFG,Frontal,,
14,A10m_R,SFG,Frontal,,
15,A9/46d_L,MFG,Frontal,,
16,A9/46d_R,MFG,Frontal,,
17,IFJ_L,MFG,Frontal,,
18,IFJ_R,MFG,Frontal,,
19,A46_L,MFG,Frontal,,
20,A46_R,MFG,Frontal,,
21,A9/46v_L,MFG,Frontal,,
22,A9/46v_R,MFG,Frontal,,
23,A8vl_L,MFG,Frontal,,
24,A8vl_R,MFG,Frontal,,
25,A6vl_L,MFG,Frontal,,
26,A6vl_R,MFG,Frontal,,
27,A10l_L,MFG,Frontal,,
28,A10l_R,MFG,Frontal,,
29,A44d_L,IFG,Frontal,,
30,A44d_R,IFG,Frontal,,
31,IFS_L,IFG,Frontal,,
32,IFS_R,IFG,Frontal,,
33,A45c_L,IFG,Frontal,,
34,A45c_R,IFG,Frontal,,
35,A45r_L,IFG,Frontal,,
36,A45r_R,IFG,Frontal,,
37,A44op_L,IFG,Frontal,,
38,A44op_R,IFG,Frontal,,
39,A44v_L,IFG,Frontal,,
40,A44v_R,IFG,Frontal,,
41,A14m_L,OrG,Frontal,,
42,A14m_R,OrG,Frontal,,
43,A12/47o_L,OrG,Frontal,,
44,A12/47o_R,OrG,Frontal,,
45,A11l_L,OrG,Frontal,,
46,A11l_R,OrG,Frontal,,
47,A11m_L,OrG,Frontal,,
48,A11m_R,OrG,Frontal,,
49,A13_L,OrG,Frontal,,
50,A13_R,OrG,Frontal,,
51,A12/47l_L,OrG,Frontal,,
52,A12/47l_R,OrG,Frontal,,
53,A4hf_L,PrG,Frontal,SM,
54,A4hf_R,PrG,Frontal,SM,
55,A6cdl_L,PrG,Frontal,SM,
56,A6cdl_R,PrG,Frontal,SM,
57,A4ul_L,PrG,Frontal,SM,
58,A4ul_R,PrG,Frontal,SM,
59,A4t_L,PrG,Frontal,SM,
60,A4t_R,PrG,Frontal,SM,
61,A4tl_L,PrG,Frontal,SM,
62,A4tl_R,PrG,Frontal,SM,
63,A6cvl_L,PrG,Frontal,SM,
64,A6cvl_R,PrG,Frontal,SM,
65,A1/2/3ll_L,PCL,Frontal,SM,
66,A1/2/3ll_R,PCL,Frontal,SM,
67,A4ll_L,PCL,Frontal,SM,
68,A4ll_R,PCL,Frontal,SM,
69,A38m_L,STG,Temporal,,
70,A38m_R,STG,Temporal,,
71,A41/42_L,STG,Temporal,,
72,A41/42_R,STG,Temporal,,
73,TE1.0/TE1.2_L,STG,Temporal,,
74,TE1.0/TE1.2_R,STG,Temporal,,
75,A22c_L,STG,Temporal,,
76,A22c_R,STG,Temporal,,
77,A38l_L,STG,Temporal,,
78,A38l_R,STG,Temporal,,
79,A22r_L,STG,Temporal,,
80,A22r_R,STG,Temporal,,
81,A21c_L,MTG,Temporal,,
82,A21c_R,MTG,Temporal,,
83,A21r_L,MTG,Temporal,,
84,A21r_R,MTG,Temporal,,
85,A37dl_L,MTG,Temporal,,
86,A37dl_R,MTG,Temporal,,
87,aSTS_L,MTG,Temporal,,
88,aSTS_R,MTG,Temporal,,
89,A20iv_L,ITG,Temporal,,
90,A20iv_R,ITG,Temporal,,
91,A37elv_L,ITG,Temporal,,
92,A37elv_R,ITG,Temporal,,
93,A20r_L,ITG,Temporal,,
94,A20r_R,ITG,Temporal,,
95,A20il_L,ITG,Temporal,,
96,A20il_R,ITG,Temporal,,
97,A37vl_L,ITG,Temporal,,
98,A37vl_R,ITG,Temporal,,
99,A20cl_L,ITG,Temporal,,
100,A20cl_R,ITG,Temporal,,
101,A20cv_L,ITG,Temporal,,
102,A20cv_R,ITG,Temporal,,
103,A20rv_L,FuG,Temporal,,
104,A20rv_R,FuG,Temporal,,
105,A37mv_L,FuG,Temporal,,
106,A37mv_R,FuG,Temporal,,
107,A37lv_L,FuG,Temporal,,
108,A37lv_R,FuG,Temporal,,
109,A35/36r_L,PhG,Temporal,,
110,A35/36r_R,PhG,Temporal,,
111,A35/36c_L,PhG,Temporal,,
112,A35/36c_R,PhG,Temporal,,
113,TL_L,PhG,Temporal,,
114,TL_R,PhG,Temporal,,
115,A28/34_L,PhG,Temporal,,
116,A28/34_R,PhG,Temporal,,
117,TI_L,PhG,Temporal,,
118,TI_R,PhG,Temporal,,
119,TH_L,PhG,Temporal,,
120,TH_R,PhG,Temporal,,
121,rpSTS_L,Psts,Temporal,,
122,rpSTS_R,Psts,Temporal,,
123,cpSTS_L,Psts,Temporal,,
124,cpSTS_R,Psts,Temporal,,
125,A7r_L,SPL,Parietal,,
126,A7r_R,SPL,Parietal,,
127,A7c_L,SPL,Parietal,,
128,A7c_R,SPL,Parietal,,
129,A5l_L,SPL,Parietal,,
130,A5l_R,SPL,Parietal,,
131,A7pc_L,SPL,Parietal,,
132,A7pc_R,SPL,Parietal,,
133,A7ip_L,SPL,Parietal,,
134,A7ip_R,SPL,Parietal,,
135,A39c_L,IPL,Parietal,,
136,A39c_R,IPL,Parietal,,
137,A39rd_L,IPL,Parietal,,
138,A39rd_R,IPL,Parietal,,
139,A40rd_L,IPL,Parietal,,
140,A40rd_R,IPL,Parietal,,
141,A40c_L,IPL,Parietal,,
142,A40c_R,IPL,Parietal,,
143,A39rv_L,IPL,Parietal,,
144,A39rv_R,IPL,Parietal,,
145,A40rv_L,IPL,Parietal,,
146,A40rv_R,IPL,Parietal,,
147,A7m_L,Pcun,Parietal,,
148,A7m_R,Pcun,Parietal,,
149,A5m_L,Pcun,Parietal,,
150,A5m_R,Pcun,Parietal,,
151,dmPOS_L,Pcun,Parietal,,
152,dmPOS_R,Pcun,Parietal,,
153,A31_L,Pcun,Parietal,,
154,A31_R,Pcun,Parietal,,
155,A1/2/3ulhf_L,PoG,Parietal,SM,
156,A1/2/3ulhf_R,PoG,Parietal,SM,
157,A1/2/3tonIa_L,PoG,Parietal,SM,
158,A1/2/3tonIa_R,PoG,Parietal,SM,
159,A2_L,PoG,Parietal,SM,
160,A2_R,PoG,Parietal,SM,
161,A1/2/3tru_L,PoG,Parietal,SM,
162,A1/2/3tru_R,PoG,Parietal,SM,
163,G_L,INS,Insular,,
164,G_R,INS,Insular,,
165,vIa_L,INS,Insular,,
166,vIa_R,INS,Insular,,
167,dIa_L,INS,Insular,,
168,dIa_R,INS,Insular,,
169,vId/vIg_L,INS,Insular,,
170,vId/vIg_R,INS,Insular,,
171,dIg_L,INS,Insular,,
172,dIg_R,INS,Insular,,
173,dId_L,INS,Insular,,
174,dId_R,INS,Insular,,
175,A23d_L,CG,Limbic,,
176,A23d_R,CG,Limbic,,
177,A24rv_L,CG,Limbic,,
178,A24rv_R,CG,Limbic,,
179,A32p_L,CG,Limbic,,
180,A32p_R,CG,Limbic,,
181,A23v_L,CG,Limbic,,
182,A23v_R,CG,Limbic,,
183,A24cd_L,CG,Limbic,,
184,A24cd_R,CG,Limbic,,
185,A23c_L,CG,Limbic,,
186,A23c_R,CG,Limbic,,
187,A32sg_L,CG,Limbic,,
188,A32sg_R,CG,Limbic,,
189,cLinG_L,MVOcC,Occipital,,
190,cLinG_R,MVOcC,Occipital,,
191,rCunG_L,MVOcC,Occipital,,
192,rCunG_R,MVOcC,Occipital,,
193,cCunG_L,MVOcC,Occipital,,
194,cCunG_R,MVOcC,Occipital,,
195,rLinG_L,MVOcC,Occipital,,
196,rLinG_R,MVOcC,Occipital,,
197,vmPOS_L,MVOcC,Occipital,,
198,vmPOS_R,MVOcC,Occipital,,
199,mOccG_L,LOcC,Occipital,,
200,mOccG_R,LOcC,Occipital,,
201,V5/MT+_L,LOcC,Occipital,,
202,V5/MT+_R,LOcC,Occipital,,
203,OPC_L,LOcC,Occipital,,
204,OPC_R,LOcC,Occipital,,
205,iOccG_L,LOcC,Occipital,,
206,iOccG_R,LOcC,Occipital,,
207,msOccG_L,LOcC,Occipital,,
208,msOccG_R,LOcC,Occipital,,
209,lsOccG_L,LOcC,Occipital,,
210,lsOccG_R,LOcC,Occipital,,