label,labbr,annotation,Region No.,Cortical lobe,lobe,Cortical region (Level 1),Cortical region (Level 2),Full name
300,8Bm,dorsomedial prefrontal area  ,118.0,prefrontal,Frontal Lobe,8B,8Bm,dorso-medial prefrontal area
301,11l,orbital prefrontal area,130.0,prefrontal,Frontal Lobe,11,11l,orbital prefrontal area
303,14r,orbito-medial prefrontal area (gyrus rectus),132.0,prefrontal,Frontal Lobe,14,14r,orbito-medial prefrontal area (gyrus rectus)
304,v23a,subregion of posterior cingulate cortex,,,,,,
305,Ia,agranular insula  ,79.0,insular,Insula Cortex,INSULA,Ia,agranular insula
306,13b,orbital prefrontal area	,141.0,prefrontal,Frontal Lobe,13,13b,orbital prefrontal area
308,36c,"area 36 of the perirhinal cortex, caudal subregion  ",41.0,temporal,"Temporal Lobe
",PERIRHINAL,36,"area 36 of the perirhinal cortex, caudal subregion"
309,24a',subregion of anterior cingulate cortex  ,94.0,cingulate,Limbic Lobe,24,24a',subregion of anterior cingulate cortex
312,10mc,medial prefrontal area,111.0,prefrontal,Frontal Lobe,10,10m,medial prefrontal area
313,CPB,caudal parabelt region of the auditory cortex,77.0,auditory,"Temporal Lobe
",PARABELT,CPB,caudal parabelt region of the auditory cortex
314,29,retrosplenial cortex,97.0,cingulate,Limbic Lobe,RETROSPLENIAL,29,retrosplenial cortex
315,v23b,subregion of posterior cingulate cortex  ,90.0,cingulate,Limbic Lobe,v23,v23b,subregion of posterior cingulate cortex
316,13l,orbital prefrontal area,139.0,prefrontal,Frontal Lobe,13,13l,orbital prefrontal area
318,V4,visual area 4 (dorsal part) ,6.0,occipital,Occipital Lobe,V4,V4,visual area 4 (dorsal part)
321,31,posterior cingulate area  ,99.0,cingulate,Limbic Lobe,31,31,posterior cingulate area
322,Ig,granular insula,80.0,insular,Insula Cortex,INSULA,Ig,granular insula
323,ML,"middle lateral, belt region of the auditory cortex ",73.0,auditory,"Temporal Lobe
",BELT,LB,"middle lateral, belt region of the auditory cortex"
325,23a,subregion of posterior cingulate cortex,87.0,cingulate,Limbic Lobe,23,23a,subregion of posterior cingulate cortex
326,ER,"entorhinal cortex, rostral division",48.0,temporal,"Temporal Lobe
",ENTORHINAL,ER,"entorhinal cortex, rostral division"
327,10o,orbital prefrontal area,112.0,prefrontal,Frontal Lobe,10,10o,orbital prefrontal area
328,VIP,ventral intraparietal area,16.0,parietal,Parietal Lobe,VIP,VIP,ventral intraparietal area
329,LIPv,"lateral intraparietal area, ventral subdivision",15.0,parietal,Parietal Lobe,LIP,LIPv,"lateral intraparietal area, ventral subdivision"
330,8Bs,dorso-lateral prefrontal area in the arcuate sulcus upper limb,119.0,prefrontal,Frontal Lobe,8B,8Bs,dorso-lateral prefrontal area in the arcuate sulcus upper limb
332,V1,visual area 1 (primary visual cortex),1.0,occipital,Occipital Lobe,V1,V1,visual area 1 (primary visual cortex)
333,G,gustatory cortex  ,83.0,somatosensory,Sensorimotor Cortex,G,G,gustatory cortex
335,9d,dorso-lateral prefrontal area,113.0,prefrontal,Frontal Lobe,9,9d,dorso-lateral prefrontal area
336,7op,parietal opercular area,9.0,parietal,Parietal Lobe,7op,7op,parietal opercular area
337,V4t,V4 transitional area,8.0,occipital,Occipital Lobe,V4t,V4t,V4 transitional area
339,46f,ventro-lateral prefrontal area in the fundus of the principal sulcus,,,,,,
341,5_(PE),superior parietal lobule area (or area PE),25.0,parietal,Parietal Lobe,5,PE,superior parietal lobule area (or 5)
342,TEav,ventral subregion of anterior TE  ,43.0,temporal,"Temporal Lobe
",TE,TEav,ventral subregion of anterior TE
343,32,medial prefrontal area,100.0,cingulate,Limbic Lobe,32,32,medial prefrontal area
344,AL,"anterior lateral, belt region of the auditory cortex",72.0,auditory,"Temporal Lobe
",BELT,LB,"anterior lateral, belt region of the auditory cortex"
345,10mr,medial prefrontal area,110.0,prefrontal,Frontal Lobe,10,10m,medial prefrontal area
347,24b,subregion of anterior cingulate cortex,92.0,cingulate,Limbic Lobe,24,24b,subregion of anterior cingulate cortex
348,1-2,somatosensory areas 1 and 2	,85.0,somatosensory,Sensorimotor Cortex,1-2,1-2,somatosensory areas 1 and 2
349,8Av,"periarcuate area (or frontal eye field), ventral subdivision",121.0,prefrontal,Frontal Lobe,8A/FEF,8Av,"periarcuate area (or frontal eye field), ventral subdivison"
350,ECL,"entorhinal cortex, caudal limiting division",54.0,temporal,"Temporal Lobe
",ENTORHINAL,ECL,"entorhinal cortex, caudal limiting division"
351,FST,floor of superior temporal area,34.0,temporal,"Temporal Lobe
",FST,FST,floor of superior temporal area
353,12m,orbital prefrontal area,137.0,prefrontal,Frontal Lobe,12,12m,orbital prefrontal area
354,V6Av,"visual area 6A, ventral division (or area PO)",24.0,parietal,Parietal Lobe,V6A,V6Av,"visual area 6A, ventral division (or PO)"
355,8Bd,dorso-lateral prefrontal area,117.0,prefrontal,Frontal Lobe,8B,8Bd,dorso-lateral prefrontal area
357,TGvd,ventral dysgranular part of the temporal pole,62.0,temporal,"Temporal Lobe
",POLE,TGvd,ventral dysgranular part of the temporal pole
358,V3d,"visual area 3, dorsal part",3.0,occipital,Occipital Lobe,V3,V3d,"visual area 3, dorsal part"
359,F1_(4),agranular frontal area F1 (or area 4),102.0,frontal,Sensorimotor Cortex,F1,F1,agranular frontal area F1 (or 4)
360,Iam,medial agranular insula area,126.0,prefrontal,Frontal Lobe,Agranular insula,Iam,medial agranular insula ar ea
361,SII,secondary somatosensory area,84.0,somatosensory,Sensorimotor Cortex,SII,SII,secondary somatosensory area
362,23b,subregion of posterior cingulate cortex,88.0,cingulate,Limbic Lobe,23,23b,subregion of posterior cingulate cortex
363,13m,orbital prefrontal area,140.0,prefrontal,Frontal Lobe,13,13m,orbital prefrontal area
364,9m,dorso-medial prefrontal area,114.0,prefrontal,Frontal Lobe,9,9m,dorso-medial prefrontal area
365,EI,"entorhinal cortex, intermediate division",50.0,temporal,"Temporal Lobe
",ENTORHINAL,EI,"entorhinal cortex, intermediate division"
366,RPB,rostral parabelt region of the auditory cortex,76.0,auditory,"Temporal Lobe
",PARABELT,RPB,rostral parabelt region of the auditory cortex
367,13a,orbital prefrontal area,142.0,prefrontal,Frontal Lobe,13,13a,orbital prefrontal area
368,AONd/m,"anterior olfactory nucleus, dorsal and medial division",,,,,,
369,F3,agranular frontal area F3 (or SMA),105.0,frontal,Sensorimotor Cortex,PRESMA,F3,agranular frontal area F3 (or SMA)
370,R,"rostral, core region of the auditory cortex",66.0,auditory,"Temporal Lobe
",CORE,CORE,"rostral, core region of the auditory cortex"
371,V6,visual area 6 (or area PO),22.0,parietal,Parietal Lobe,V6,V6,visual area 6 (or PO)
372,TFO,area TFO of the parahippocampal cortex ,57.0,temporal,"Temporal Lobe
",PARAHIPPOCAMPAL,TFO,area TFO of the parahippocampal cortex
373,V4v,"visual area 4, ventral part",7.0,occipital,Occipital Lobe,V4,V4v,"visual area 4, ventral part"
374,46v,ventro-lateral prefrontal area in the ventral bank and lip of the principal sulcus (ps),116.0,prefrontal,Frontal Lobe,46,46v,ventro-lateral prefrontal area in the ventral bank and lip of the principal sulcus (ps)
375,5_(PEc),superior parietal lobule area (or area PEc),27.0,parietal,Parietal Lobe,5,PEc,superior parietal lobule area (or 5)
376,TGdd,dysgranular part of the dorsal temporal pole,59.0,temporal,"Temporal Lobe
",POLE,TGdd,dysgranular part of the dorsal temporal pole
377,35,area 35 of the perirhinal cortex,38.0,temporal,"Temporal Lobe
",PERIRHINAL,35,area 35 of the perirhinal cortex
378,A1,"auditory area 1, core region of the auditory cortex",67.0,auditory,"Temporal Lobe
",CORE,CORE,"auditory area I, core region of the auditory cortex"
379,Ial,lateral agranular insula area,128.0,prefrontal,Frontal Lobe,Agranular insula,Ial,lateral agranular insula area
380,7m_(PGm),medial parietal area (or PGm),28.0,parietal,Parietal Lobe,PGm,PGm,medial parietal area (or 7m)
382,v23b?,subregion of posterior cingulate cortex or transition area?,,,,,,
383,23c,subregion of posterior cingulate cortex,89.0,cingulate,Limbic Lobe,23,23c,subregion of posterior cingulate cortex
384,EC,"entorhinal cortex, caudal division",53.0,temporal,"Temporal Lobe
",ENTORHINAL,EC,"entorhinal cortex, caudal division"
385,Id,dysgranular insula,81.0,insular,Insula Cortex,INSULA,Id,dysgranular insula
387,MIP,medial intraparietal area,17.0,parietal,Parietal Lobe,MIP,MIP,medial intraparietal area
388,PIP,posterior intraparietal area,18.0,parietal,Parietal Lobe,PIP,PIP,posterior intraparietal area
389,7b_(PFG/PF),caudal inferior parietal lobule area (or PFG/PF),12.0,parietal,Parietal Lobe,7B,PFG/PF,rostral inferior parietal lobule area (or 7b)
390,TEpd,dorsal subregion of posterior TE,44.0,temporal,"Temporal Lobe
",TE,TEpd,dorsal subregion of posterior TE
391,V3v,"visual area 3, ventral part",4.0,occipital,Occipital Lobe,V3,V3v,"visual ar ea 3, ventral part"
392,44,ventro-lateral prefrontal area in the arcuate sulcus lower limb (asl),124.0,prefrontal,Frontal Lobe,44,44,ventro-lateral prefr. area in the arcuate sulcus lower limb (asl)
393,MT,middle temporal area,36.0,temporal,"Temporal Lobe
",MT,MT,middle temporal area
394,TEm,sts ventral bank area,47.0,temporal,"Temporal Lobe
",TE,TEm,sts ventral bank area
395,Tpt,temporo-parietal area,31.0,temporal,"Temporal Lobe
",TPt,TPt,temporo-parietal area
396,24c,subregion of anterior cingulate cortex,93.0,cingulate,Limbic Lobe,24,24c,subregion of anterior cingulate cortex
397,MST,medial superior temporal area  ,35.0,temporal,"Temporal Lobe
",MST,MST,medial superior temporal area
398,RM,"rostromedial, belt region of the auditory cortex",69.0,auditory,"Temporal Lobe
",BELT,MB,"rostromedial, belt region of the auditory cortex"
399,STGr,rostral superior temporal gyrus,75.0,auditory,"Temporal Lobe
",PARABELT,STGr,rostral superior temporal gyrus
400,Pi,parainsular area,78.0,insular,Insula Cortex,Parainsula,Pi,parainsular area
401,F6,agranular frontal area F6 (or preSMA),106.0,frontal,Sensorimotor Cortex,PRESMA,F6,agranular frontal area F6 (or preSMA)
404,DP,dorsal prelunate area,21.0,parietal,Parietal Lobe,DP,DP,dorsal prelunate area
405,12r,ventro-lateral prefrontal area,135.0,prefrontal,Frontal Lobe,12,12r,ventro-lateral prefrontal area
406,PrCO,precentral opercular area,109.0,frontal,Sensorimotor Cortex,PrCO,PrCO,precentral opercular area
407,PEci,superior parietal lobule area (cingulate sulcus),101.0,cingulate,Limbic Lobe,PEci,PEci,superior parietal lobule area (cingulate sulcus)
408,TGdg,granular part of the dorsal temporal pole ,60.0,temporal,"Temporal Lobe
",POLE,TGdg,granular part of the dorsal temporal pole
409,AIP,anterior intraparietal area,20.0,parietal,Parietal Lobe,AIP,AIP,anterior intraparietal area
410,36p,"area 36 of the perirhinal cortex, temporal-polar subregion",39.0,temporal,"Temporal Lobe
",PERIRHINAL,36,"area 36 of the perirhinal cortex, temporal-polar subregion"
411,LOP,lateral occipital parietal area,19.0,parietal,Parietal Lobe,LOP,LOP,lateral occipital parietal area
412,11m,orbital prefrontal area,131.0,prefrontal,Frontal Lobe,11,11m,orbital prefrontal area
413,RTp,rostrotemporal (p refers to polar),64.0,temporal,"Temporal Lobe
",POLE,RTp,"rostrotemporal (""p"" refers to polar)"
414,AONl,"anterior olfactory nucleus, lateral division ",,,,,,
415,25,medial prefrontal area (subgenual cortex),134.0,prefrontal,Frontal Lobe,25,25,medial prefrontal area (subgenual cortex)
416,Pir,piriform cortex,143.0,PIRIFORM,PIRIFORM,PIRIFORM,Pir,piriform cortex
417,Iapm,posteromedial agranular insula area,127.0,prefrontal,Frontal Lobe,Agranular insula,Iapm,posteromedial agranular insula area
418,RT,"rostrotemporal, core region of the auditory cortex",65.0,auditory,"Temporal Lobe
",CORE,CORE,"rostrotemporal, core region of the auditory cortex"
419,7a_(Opt/PG),caudal inferior parietal lobule area (or Opt / PG),11.0,parietal,Parietal Lobe,7A,Opt/PG,caudal inferior parietal lobule area (or 7a)
420,TEpv,ventral subregion of posterior TE,45.0,temporal,"Temporal Lobe
",TE,TEpv,ventral subregion of posterior TE
421,V3A,visual area V3A,5.0,occipital,Occipital Lobe,V3A,V3A,visual area V3A
422,45a,ventro-lateral prefrontal area,123.0,prefrontal,Frontal Lobe,45a,45a,ventro-lateral prefrontal area
423,TEO,area TEO,37.0,temporal,"Temporal Lobe
",TEO,TEO,area TEO
424,F7,agranular frontal area F7 (or 6DR),104.0,frontal,Sensorimotor Cortex,F2/F7,F7,agranular frontal area F7 (or 6DR)
425,46d,dorso-lateral prefrontal area in the dorsal bank and lip of the principal sulcus (ps),115.0,prefrontal,Frontal Lobe,46,46d,dorso-lateral prefrontal area in the dorsal bank and lip of the principal sulcus (ps)
426,Iai,intermediate agranular insula area,125.0,prefrontal,Frontal Lobe,Agranular insula,Iai,intermediate agranular insula area
427,F5_(6Va/6Vb),agranular frontal area F5 (or 6Va/6Vb) ,108.0,frontal,Sensorimotor Cortex,F4/F5,F5,agranular frontal area F5 (or 6Va/6Vb)
428,LIPd,"lateral intraparietal area, dorsal subdivision",14.0,parietal,Parietal Lobe,LIP,LIPd,"lateral intraparietal area, dorsal subdivision"
429,V2,visual area 2  ,2.0,occipital,Occipital Lobe,V2,V2,visual area 2
430,36r,"area 36 of the perirhinal cortex, rostral subregion",40.0,temporal,"Temporal Lobe
",PERIRHINAL,36,"area 36 of the perirhinal cortex, rostral subregion"
431,12l,ventro-lateral prefrontal area,136.0,prefrontal,Frontal Lobe,12,12l,ventro-lateral prefrontal area
432,5_(PEa),superior parietal lobule area (or PEa),26.0,parietal,Parietal Lobe,5,PEa,superior parietal lobule area (or 5)
433,TGsts,sts part of the temporal pole,61.0,temporal,"Temporal Lobe
",POLE,TGsts,sts part of the temporal pole
434,RTM,"medial rostrotemporal, belt region of the auditory cortex",68.0,auditory,"Temporal Lobe
",BELT,MB,"medial rostrotemporal, belt region of the auditory cortex"
435,3a/b,somatosensory areas 3a and 3b	,86.0,somatosensory,Sensorimotor Cortex,3a/b,3a/b,somatosensory areas 3a and 3b
438,TGa,agranular part of the temporal pole,58.0,temporal,"Temporal Lobe
",POLE,TGa,agranular part of the temporal pole
439,V6Ad,"visual area 6A, dorsal division",23.0,parietal,Parietal Lobe,V6A,V6Ad,"visual ar ea 6A, dorsal division"
440,TF,area TF of the parahippocampal cortex,55.0,temporal,"Temporal Lobe
",PARAHIPPOCAMPAL,TF,area TF of the parahippocampal cortex
441,45b,ventro-lateral prefrontal area in the arcuate sulcus lower limb (asl)	,122.0,prefrontal,Frontal Lobe,45b,45b,ventro-lateral prefr. area in the arcuate sulcus lower limb (asl)
442,TEad,dorsal subregion of anterior TE,42.0,temporal,"Temporal Lobe
",TE,TEad,dorsal subregion of anterior TE
443,PGa,sts fundus/dorsal bank area,32.0,temporal,"Temporal Lobe
",PGa,PGa,sts fundus/dorsal bank area
444,F4,agranular frontal area F4 (or 4C/6Va/6Vb),107.0,frontal,Sensorimotor Cortex,F4/F5,F4,agranular frontal area F4 (or 4C/6Va/6Vb)
446,8Ad,"periarcuate area (or frontal eye field), dorsal subdivision",120.0,prefrontal,Frontal Lobe,8A/FEF,8Ad,"periarcuate area (or frontal eye field), dorsal subdivison"
447,RTL,"lateral rostrotemporal, belt region of the auditory cortex",71.0,auditory,"Temporal Lobe
",BELT,LB,"lateral rostrotemporal, belt region of the auditory cortex"
448,12o,orbital prefrontal area,138.0,prefrontal,Frontal Lobe,12,12o,orbital prefrontal area
449,CM,"caudomedial, belt region of the auditory cortex ",70.0,auditory,"Temporal Lobe
",BELT,MB,"caudomedial, belt region of the auditory cortex"
450,TAa,sts dorsal bank area ,30.0,temporal,"Temporal Lobe
",TAa,TAa,sts dorsal bank area
451,F2_(6DR/6DC),agranular frontal area F2 (or 6DR/6DC) ,103.0,frontal,Sensorimotor Cortex,F2/F7,F2,agranular frontal area F2 (or 6DR/6DC)
452,TGvg,ventral granular part of the temporal pole,63.0,temporal,"Temporal Lobe
",POLE,TGvg,ventral granular part of the temporal pole
453,CL,"caudal lateral, belt region of the auditory cortex",74.0,auditory,"Temporal Lobe
",BELT,LB,"caudal lateral, belt region of the auditory cortex"
457,TPO,sts dorsal bank area,29.0,temporal,"Temporal Lobe
",TPO,TPO,sts dorsal bank area
458,TEa,sts ventral bank area ,46.0,temporal,"Temporal Lobe
",TE,TEa,sts ventral bank area
463,IPa,area IPa (sts fundus),33.0,temporal,"Temporal Lobe
",IPa,IPa,area IPa (sts fundus)
464,ELr,"entorhinal cortex, lateral division (rostral part)",51.0,temporal,"Temporal Lobe
",ENTORHINAL,ELr,"entorhinal cortex, lateral division (rostral part)"
467,ELc,"entorhinal cortex, lateral division (caudal part)",52.0,temporal,"Temporal Lobe
",ENTORHINAL,ELc,"entorhinal cortex, lateral division (caudal part)"
470,V2?,visual area 2 (or transition area ?),,,,,,
472,V2_or_v23b?,visual area 2 or subregion of posterior cingulate cortex?,,,,,,
482,30,retrosplenial cortex ,98.0,cingulate,Limbic Lobe,RETROSPLENIAL,30,retrosplenial cortex
483,24b',subregion of anterior cingulate cortex  ,95.0,cingulate,Limbic Lobe,24,24b',subregion of anterior cingulate cortex
484,24a,subregion of anterior cingulate cortex,91.0,cingulate,Limbic Lobe,24,24a,subregion of anterior cingulate cortex
485,24c',subregion of anterior cingulate cortex,96.0,cingulate,Limbic Lobe,24,24c',subregion of anterior cingulate cortex
486,14c,orbito-medial prefrontal area (gyrus rectus),133.0,prefrontal,Frontal Lobe,14,14c,orbito-medial prefrontal area (gyrus rectus)
491,TTv,ventral tenia tectum ,,,,,,
492,EO,"entorhinal cortex, olfactory division",49.0,temporal,"Temporal Lobe
",ENTORHINAL,EO,"entorhinal cortex, olfactory division"
493,TH,area TH of the parahippocampal cortex,56.0,temporal,"Temporal Lobe
",PARAHIPPOCAMPAL,TH,area TH of the parahippocampal cortex
516,Iapl,posterolateral agranular insula area  ,129.0,prefrontal,Frontal Lobe,Agranular insula,Iapl,posterolateral agranular insula area
522,Ri,retroinsula,82.0,insular,Insula Cortex,INSULA,Ri,retroinsula
