label (Left),lobe,level 1 / ROI,abbr.,level 2 / Finer,abbr..1,Modified Cytoarchitectonic,lobe_adj,lobe_new,info
124,Limbic Lobe,Cingulate Cortex,CG,"cingulate cortex, retrosplenial, caudal part",CG.RSc,"29/30, caudal part",Limbic,Limbic,0.9437229437229437
123,Limbic Lobe,Cingulate Cortex,CG,"cingulate cortex, retrosplenial intermediate part",CG.RSi,"29/30, intermediate part",Limbic,Limbic,0.8733905579399142
122,Limbic Lobe,Cingulate Cortex,CG,"cingulate cortex, retrosplenial rostral part",CG.RSr,"29/30, rostral part",Limbic,Limbic,0.6307692307692307
121,Limbic Lobe,Cingulate Cortex,CG,"cingulate cortex, ventrocaudal part",CG.vc,23,Limbic,unspecified,"Limbic      0.551
Parietal    0.373
Name: 121, dtype: float64"
120,Limbic Lobe,Cingulate Cortex,CG,"cingulate cortex,  dorsocaudal part",CG.dc,"23a/23b, caudal part",Limbic,Limbic,0.8004983647406947
119,Limbic Lobe,Cingulate Cortex,CG,"cingulate cortex, intermediate ventrocaudal part",CG.ivc,"23a/23b, rostral part",Limbic,Limbic,0.8095764272559853
118,Limbic Lobe,Cingulate Cortex,CG,"cingulate cortex, intermediate ventrorostral part",CG.ivr,24a/24b,Limbic,Limbic,0.7878524945770065
117,Limbic Lobe,Cingulate Cortex,CG,"cingulate cortex, intermediate dorsocaudal part",CG.idc,23c/24d,Limbic,unspecified,"Limbic     0.633
Frontal    0.231
Name: 117, dtype: float64"
116,Limbic Lobe,Cingulate Cortex,CG,"cingulate cortex, intermediate dorsorostral part",CG.idr,24c,Limbic,unspecified,"Frontal    0.594
Limbic     0.223
Name: 116, dtype: float64"
115,Limbic Lobe,Cingulate Cortex,CG,"cingulate cortex, dorsorostral part",CG.dr,"24c, rostral part",Limbic,unspecified,"Frontal    0.488
Limbic     0.475
Name: 115, dtype: float64"
114,Limbic Lobe,Cingulate Cortex,CG,"cingulate cortex,  intermediorostral part",CG.ir,32,Limbic,unspecified,"Limbic     0.493
Frontal    0.409
Name: 114, dtype: float64"
113,Limbic Lobe,Cingulate Cortex,CG,"cingulate cortex, ventrorostral  part",CG.vr,25,Limbic,Limbic,0.9068994181213632
112,Insula Cortex,Insula Cortex,INS,"insula cortex, caudal part",INS.c,"Ig, caudal part",Insular,Insular,"Insular     0.526
Temporal    0.347
Name: 112, dtype: float64"
111,Insula Cortex,Insula Cortex,INS,"insula cortex, caudointermediate  part",INS.ci,"Ig, rostral part",Insular,Insular,0.9554884949075821
110,Insula Cortex,Insula Cortex,INS,"insula cortex, ventral part",INS.v,Ip/Id,Insular,Insular,"Insular     0.525
Temporal    0.378
Name: 110, dtype: float64"
109,Insula Cortex,Insula Cortex,INS,"insula cortex, rostrointermediate part",INS.ri,Id,Insular,Insular,0.7915949018256976
108,Insula Cortex,Insula Cortex,INS,"insula cortex, dorsorostral part",INS.dr,Ia,Insular,Insular,"Insular    0.625
Frontal    0.264
Name: 108, dtype: float64"
107,Insula Cortex,Insula Cortex,INS,"insula cortex, ventrorostral part",INS.vr,Ipa,Insular,Insular,0.8984547461368653
106,Occipital Lobe,Ventromedial Occipital Cortex,VMO,"ventromedial occipital cortex, medial part",VMO.m,"V3V/V4V,  medial part",Occipital,Occipital,"Occipital    0.555
Temporal     0.203
Name: 106, dtype: float64"
105,Occipital Lobe,Ventromedial Occipital Cortex,VMO,"ventromedial occipital cortex, intermediate part",VMO.i,"V3V/V4V,  ventral part",Occipital,Occipital,0.9347382732834806
104,Occipital Lobe,Ventromedial Occipital Cortex,VMO,"ventromedial occipital cortex, lateral part",VMO.l,"V3V/V4V,  dorsal part",Occipital,unspecified,"Occipital    0.568
Temporal     0.348
Name: 104, dtype: float64"
103,Occipital Lobe,V2,V2,"V2, ventromedial part",V2.vm,V2,Occipital,Occipital,0.7920792079207921
102,Occipital Lobe,V2,V2,"V2, dorsomedial part",V2.dm,V2,Occipital,unspecified,"Occipital    0.578
Parietal     0.379
Name: 102, dtype: float64"
101,Occipital Lobe,V2,V2,"V2, ventral part",V2.v,V2,Occipital,Occipital,0.8605683836589698
100,Occipital Lobe,V2,V2,"V2, dorsal part",V2.d,V2,Occipital,Occipital,0.8106202032773284
99,Occipital Lobe,V2,V2,"V2, lateral part",V2.l,V2,Occipital,Occipital,0.9851174934725848
98,Occipital Lobe,V1,V1,"V1, rostromedial part",V1.rm,V1,Occipital,unspecified,"Occipital    0.624
Limbic       0.168
Parietal     0.104
Name: 98, dtype: float64"
97,Occipital Lobe,V1,V1,"V1, medial dorsointermediate part",V1.mdi,V1,Occipital,Occipital,0.8998410174880762
96,Occipital Lobe,V1,V1,"V1, medial ventrointermediate part",V1.mvi,V1,Occipital,Occipital,0.9056179775280899
95,Occipital Lobe,V1,V1,"V1,  ventrolateral part",V1.vl,V1,Occipital,Occipital,0.8956366420005103
94,Occipital Lobe,V1,V1,"V1, dorsolateral part",V1.dl,V1,Occipital,Occipital,0.9549800796812749
93,Occipital Lobe,V1,V1,"V1, caudomedial part",V1.cm,V1,Occipital,Occipital,0.8885913229780397
92,Temporal Lobe,Temporal Pole,TP,"temporal pole, caudointernal  part",TP.cIn,TP,Temporal,Temporal,0.1055900621118012
91,Temporal Lobe,Temporal Pole,TP,"temporal pole, caudoexternal  part",TP.cEx,TP,Temporal,Temporal,0.3774509803921569
90,Temporal Lobe,Temporal Pole,TP,"temporal pole, dorsorostral part ",TP.dr,TP,Temporal,Temporal,0.815347721822542
89,Temporal Lobe,Temporal Pole,TP,"temporal pole, laterorostral part",TP.lr,TP,Temporal,Temporal,0.956575682382134
88,Temporal Lobe,Temporal Pole,TP,"temporal pole, mediorostral part",TP.mr,TP,Temporal,Temporal,0.6807511737089201
87,Temporal Lobe,Temporal Pole,TP,"temporal pole, ventrorostral part",TP.vr,TP,Temporal,Temporal,0.9116161616161617
86,Temporal Lobe,Parahippocampal Gyrus,PHG,"parahippocampal gyrus, caudolateral part",PHG.cl,36O,Temporal,Temporal,0.7618025751072961
85,Temporal Lobe,Parahippocampal Gyrus,PHG,"parahippocampal gyrus, caudomedial part",PHG.cm,TH,Temporal,Temporal,0.7102803738317757
84,Temporal Lobe,Parahippocampal Gyrus,PHG,"parahippocampal gyrus, laterointermediate part",PHG.li,TF,Temporal,Temporal,0.6814285714285715
83,Temporal Lobe,Parahippocampal Gyrus,PHG,"parahippocampal gyrus, mediointermediate part",PHG.mi,EC,Temporal,Temporal,0.5570776255707762
82,Temporal Lobe,Parahippocampal Gyrus,PHG,"parahippocampal gyrus, rostral part",PHG.r,36R,Temporal,Temporal,0.6033149171270719
81,Temporal Lobe,Inferior Temporal Gyrus,ITG,"inferior temporal gyrus, gyral ventrocaudal part",ITG.gvc,TEO/TF,Temporal,Temporal,0.8371994938844369
80,Temporal Lobe,Inferior Temporal Gyrus,ITG,"inferior temporal gyrus,  gyral dorsocaudal part ",ITG.gdc,TEO/TE3,Temporal,Temporal,0.7258613356018715
79,Temporal Lobe,Inferior Temporal Gyrus,ITG,"inferior temporal gyrus,  gyral rostral part ",ITG.gr,TE1/TE2,Temporal,Temporal,0.6212008895478132
78,Temporal Lobe,Inferior Temporal Gyrus,ITG,"inferior temporal gyrus, superior temporal sulcus lower bank, caudoexternal part",STSL.cEx,TEOm,Temporal,Occipital,0.7046168721295625
77,Temporal Lobe,Inferior Temporal Gyrus,ITG,"inferior temporal gyrus, superior temporal sulcus lower bank, caudointernal part",STSL.cIn,FST,Temporal,Temporal,0.6969836974457131
76,Temporal Lobe,Inferior Temporal Gyrus,ITG,"inferior temporal gyrus, superior temporal sulcus lower bank, rostral  part ",STSL.r,TEa,Temporal,Temporal,0.6876464061151523
75,Temporal Lobe,"Superior Temporal Gyrus",STG,"superior temporal gyrus, superior temporal sulcus upper bank, caudal part ",STSU.c,MST,Temporal,Parietal,0.7603638532657322
74,Temporal Lobe,"Superior Temporal Gyrus",STG,"superior temporal gyrus, superior temporal sulcus upper bank, caudointermediate part ",STSU.ci,MT,Temporal,unspecified,"Temporal    0.692
Parietal    0.205
Name: 74, dtype: float64"
73,Temporal Lobe,"Superior Temporal Gyrus",STG,"superior temporal gyrus, superior temporal sulcus upper bank, rostrointermediate part",STSU.ri,"TPO, caudal part",Temporal,Temporal,0.8688886657966067
72,Temporal Lobe,"Superior Temporal Gyrus",STG,"superior temporal gyrus, superior temporal sulcus upper bank, rostral part",STSU.r,"TPO, rostral part",Temporal,Temporal,0.7582674101932304
71,Temporal Lobe,"Superior Temporal Gyrus",STG,"superior temporal gyrus, superior temporal sulcus upper bank, caudoexternal part",STSU.cEx,"TAa, caudal part",Temporal,Temporal,0.905587668593449
70,Temporal Lobe,"Superior Temporal Gyrus",STG,"superior temporal gyrus, superior temporal sulcus upper bank,
 rostroexternal part",STSU.rEx,"TAa, rostral part",Temporal,Temporal,0.8843373493975903
69,Temporal Lobe,"Superior Temporal Gyrus",STG,"superior temporal gyrus, gyral caudointermediate part",STG.gci,Tpt,Temporal,Temporal,0.7986928104575163
68,Temporal Lobe,"Superior Temporal Gyrus",STG,"superior temporal gyrus, gyral rostrointermediate part",STG.gri,ST3/PaAL/,Temporal,Temporal,0.9208882720333103
67,Temporal Lobe,"Superior Temporal Gyrus",STG,"superior temporal gyrus, gyral rostral part",STG.gr,ST1/ ST2/TAa,Temporal,Temporal,0.9627742946708464
66,Temporal Lobe,"Superior Temporal Gyrus",STG,"superior temporal gyrus, gyral caudal part",STG.gc,PaAC/Tpt,Temporal,Parietal,"Parietal    0.682
Temporal    0.196
Name: 66, dtype: float64"
65,Temporal Lobe,"Superior Temporal Gyrus",STG,"superior temporal gyrus, Sylivian fissure lower bank, caudal part",SFL.i,AK,Temporal,Temporal,0.7526403557531962
64,Temporal Lobe,"Superior Temporal Gyrus",STG,"superior temporal gyrus, Sylivian fissure lower bank, rostral part",SFL.r,ProK,Temporal,Temporal,0.8172472872644203
63,Parietal Lobe,Prelunate Cortex,PrL,"prelunate cortex, ventral part",PrL.v,"V4D, ventral part",Occipital,Occipital,0.7989910748932868
62,Parietal Lobe,Prelunate Cortex,PrL,"prelunate cortex, superior temporal sulcal part",PrL.STS,Dpt/MT,Occipital,Parietal,0.8245353863629192
61,Parietal Lobe,Prelunate Cortex,PrL,"prelunate cortex, intermediate part ",PrL.i,"V4D, dorsal part",Occipital,Occipital,"Occipital    0.503
Parietal     0.271
Name: 61, dtype: float64"
60,Parietal Lobe,Prelunate Cortex,PrL,"prelunate cortex,dorsal part ",PrL.d,V3A/V3D/V4A,Occipital,Occipital,"Occipital    0.655
Parietal     0.193
Name: 60, dtype: float64"
59,Parietal Lobe,"Precueus",PrCu,"precuneus, ventrocaudal part",PrCu.vc,23x,Parietal,Parietal,0.8487472935354161
58,Parietal Lobe,"Precueus",PrCu,"precuneus, ventrointermediate part",PrCu.vi,"PGM/31, ventral part",Parietal,Parietal,0.8180185573181682
57,Parietal Lobe,"Precueus",PrCu,"precuneus, dorsointermediate part",PrCu.di,PGM/PEC,Parietal,Parietal,0.9557046979865772
56,Parietal Lobe,"Precueus",PrCu,"precuneus, dorsocaudal part",PrCu.dc,PGM/PO,Parietal,Parietal,0.8720712277413308
55,Parietal Lobe,"Precueus",PrCu,"precuneus, dorsorostral part",PrCu.dr,"PECg, ventral part",Parietal,unspecified,"Parietal    0.528
Frontal     0.371
Name: 55, dtype: float64"
54,Parietal Lobe,"Precueus",PrCu,"precuneus, ventrorostral part",PrCu.vr,"31, rostral part",Parietal,unspecified,"Frontal     0.408
Limbic      0.364
Parietal    0.145
Name: 54, dtype: float64"
53,Parietal Lobe,"Inferior Parietal Lobe",IPL,"inferior parietal lobule, gyral caudal part",IPL.gc,Opt,Parietal,Parietal,0.7088607594936709
52,Parietal Lobe,"Inferior Parietal Lobe",IPL,"inferior parietal loule, gyral caudointermediate part",IPL.gci,PG,Parietal,Parietal,0.8829151732377539
51,Parietal Lobe,"Inferior Parietal Lobe",IPL,"inferior parietal lobule, gyral rostrointermediate part ",IPL.gri,PFG,Parietal,Parietal,0.9341950646298472
50,Parietal Lobe,"Inferior Parietal Lobe",IPL,"inferior parietal lobule, gyral rostral part",IPL.gr,PF,Parietal,Parietal,0.8418404025880661
49,Parietal Lobe,"Inferior Parietal Lobe",IPL,"inferior parietal lobe, sulcal caudal part",IPL.sc,"LIP, caudal part",Parietal,Parietal,0.7783656672545561
48,Parietal Lobe,"Inferior Parietal Lobe",IPL,"inferior parietal lobe, sulcal caudointermediate part",IPL.sci,"LIP, rostral part",Parietal,Parietal,0.7422266800401204
47,Parietal Lobe,"Inferior Parietal Lobe",IPL,"inferior parietal lobe, sulcal rostrointermediate part ",IPL.sri,"AIP, caudal part",Parietal,Parietal,0.889580973952435
46,Parietal Lobe,"Inferior Parietal Lobe",IPL,"inferior parietal lobe, sulcal rostral part",IPL.sr,"AIP, rostral part",Parietal,Parietal,0.9448373408769448
45,Parietal Lobe,"Superior Parietal Lobe",SPL,"superior parital lobule, medial part",SPL.m,"PECg, dorsal part",Parietal,Frontal,"Frontal    0.613
Limbic     0.165
Name: 45, dtype: float64"
44,Parietal Lobe,"Superior Parietal Lobe",SPL,"superior parital lobule, caudodorsal part ",SPL.cd,PE/PEC,Parietal,unspecified,"Parietal    0.531
Frontal     0.348
Name: 44, dtype: float64"
43,Parietal Lobe,"Superior Parietal Lobe",SPL,"superior parital lobule, rostrodorsal part ",SPL.rd,PE,Parietal,Parietal,0.8517476898352753
42,Parietal Lobe,"Superior Parietal Lobe",SPL,"superior parital lobule, caudoventral part",SPL.cv,PO,Parietal,Parietal,0.7048703017469561
41,Parietal Lobe,"Superior Parietal Lobe",SPL,"superior parital lobule, intermedioventral part",SPL.iv,"PEa, caudal part",Parietal,Parietal,0.7449987338566726
40,Parietal Lobe,"Superior Parietal Lobe",SPL,"superior parital lobule, rostroventral part",SPL.rv,"PEa, rostral part",Parietal,Parietal,0.7333333333333334
39,Sensorimotor Cortex,"Frontal and Parietal Operculum",FPO,"frontal parietal operculum, caudal part",FPO.c,PGop,Parietal,Parietal,0.8884924174843889
38,Sensorimotor Cortex,"Frontal and Parietal Operculum",FPO,"frontal parietal operculum, caudointermediate part",FPO.ci,S2/S2I,Parietal,unspecified,"Parietal    0.555
Frontal     0.205
Name: 38, dtype: float64"
37,Sensorimotor Cortex,"Frontal and Parietal Operculum",FPO,"frontal parietal operculum, rostrointermediate part",FPO.ri,S2/PFop,Parietal,Frontal,0.7097150864082205
36,Sensorimotor Cortex,"Frontal and Parietal Operculum",FPO,"frontal parietal operculum, rostral part",FPO.r,ProM/Gu,Frontal,Frontal,0.7954144620811288
35,Sensorimotor Cortex,"Postcentral Gyrus",PoCG,"postcentral gyrus, ventral part ",PoCG.v,1/2/3 (face),Parietal,unspecified,"Parietal    0.517
Frontal     0.364
Name: 35, dtype: float64"
34,Sensorimotor Cortex,"Postcentral Gyrus",PoCG,"postcentral gyrus, intermediate part",PoCG.i,1/2/3 (hand),Parietal,Parietal,0.786707141715929
33,Sensorimotor Cortex,"Postcentral Gyrus",PoCG,"postcentral gyrus, dorsal part",PoCG.d,1/2/3 (trunk),Parietal,Parietal,0.7894736842105263
32,Sensorimotor Cortex,"Postcentral Gyrus",PoCG,"postcentral gyrus, dorsomedial part ",PoCG.dm,1/2/3 (foot),Parietal,unspecified,"Parietal    0.590
Frontal     0.343
Name: 32, dtype: float64"
31,Sensorimotor Cortex,Premotor Cortex,PM,"premotor cortex, caudomedial part",PM.cm,"6M, caudal part",Frontal,Frontal,0.8039681032846022
30,Sensorimotor Cortex,Premotor Cortex,PM,"premotor cortex, rostromedial part",PM.rm,"6M, rostral part",Frontal,Frontal,0.8616352201257862
29,Sensorimotor Cortex,Premotor Cortex,PM,"premotor cortex, rostroventral part",PM.rv,6VR,Frontal,Frontal,0.8263317453443049
28,Sensorimotor Cortex,Premotor Cortex,PM,"premotor cortex, caudoventral part",PM.cv,6VC,Frontal,Frontal,0.8953700328107912
27,Sensorimotor Cortex,Premotor Cortex,PM,"premotor cortex, intermediate part",PM.i,"6DC, ventral part",Frontal,Frontal,0.772695591566475
26,Sensorimotor Cortex,Premotor Cortex,PM,"premotor cortex, caudodorsal part",PM.cd,6DC,Frontal,Frontal,0.8183066361556064
25,Sensorimotor Cortex,Premotor Cortex,PM,"premotor cortex, rostrodorsal part",PM.rd,6DR,Frontal,Frontal,0.9379238393322901
24,Sensorimotor Cortex,Primary Motor Cortex,M1,"primary motor cortex, medial  part ",M1.m,"4, medial part",Frontal,Frontal,0.907259177477229
23,Sensorimotor Cortex,Primary Motor Cortex,M1,"primary motor cortex, dorsal part",M1.d,4(foot),Frontal,Frontal,0.9076482830385015
22,Sensorimotor Cortex,Primary Motor Cortex,M1,"primary motor cortex, intermediate part ",M1.i,4(arm),Frontal,Frontal,0.8113117870722433
21,Sensorimotor Cortex,Primary Motor Cortex,M1,"primary motor cortex, ventral part",M1.v,4(face),Frontal,Frontal,0.8791946308724832
20,Frontal Lobe,Orbital Gyrus,OrG,"orbital gyrus, caudolateral part",OrG.cl,"12O, caudal part",Frontal,Frontal,0.7936726272352133
19,Frontal Lobe,Orbital Gyrus,OrG,"orbital gyrus, rostrolateral part",OrG.rl,"12O, rostral part",Frontal,Frontal,0.8715341959334566
18,Frontal Lobe,Orbital Gyrus,OrG,"orbital gyrus, caudointermediate part",OrG.ci,13,Frontal,Frontal,0.8324313877077696
17,Frontal Lobe,Orbital Gyrus,OrG,"orbital gyrus, rostrointermediate part",OrG.ri,11,Frontal,Frontal,0.8898471922752413
16,Frontal Lobe,Orbital Gyrus,OrG,"orbital gyrus, caudomedial part",OrG.cm,OPAI,Frontal,Frontal,0.8761726078799249
15,Frontal Lobe,Orbital Gyrus,OrG,"orbital gyrus, rostromedial part",OrG.rm,14,Frontal,Frontal,0.7623645784267546
14,Frontal Lobe,Inferior Frontal Gyrus,IFG,"inferior frontal gyrus, rostroventral part",IFG.rv,12L/45B,Frontal,Frontal,0.8815466448445172
13,Frontal Lobe,Inferior Frontal Gyrus,IFG,"inferior frontal gyrus, intermedioventral part",IFG.iv,44,Frontal,Frontal,0.6590774689532821
12,Frontal Lobe,Inferior Frontal Gyrus,IFG,"inferior frontal gyrus, caudoventral part",IFG.cv,8A/45B,Frontal,Frontal,0.7933155080213904
11,Frontal Lobe,Inferior Frontal Gyrus,IFG,"inferior frontal gyrus, caudodorsal part ",IFG.cd,46v/45B,Frontal,Frontal,0.8259976525821596
10,Frontal Lobe,Inferior Frontal Gyrus,IFG,"inferior frontal gyrus, rostrodorsal part ",IFG.rd,46V/12L,Frontal,Frontal,0.8568571428571429
9,Frontal Lobe,"Superior Frontal Gyrus",SFG,"superior frontal gyrus, caudal part",SFG.c,8AD,Frontal,Frontal,0.9342837273991655
8,Frontal Lobe,"Superior Frontal Gyrus",SFG,"superior frontal gyrus, caudointermediate part",SFG.ci,8A/8B,Frontal,Frontal,0.8809803921568627
7,Frontal Lobe,"Superior Frontal Gyrus",SFG,"superior frontal gyrus, rostrointermediate part",SFG.ri,"9/46D, 9L",Frontal,Frontal,0.9521888238854145
6,Frontal Lobe,"Superior Frontal Gyrus",SFG,"superior frontal gyrus, rostral part",SFG.r,46D,Frontal,Frontal,0.9377340823970037
5,Frontal Lobe,"Superior Frontal Gyrus",SFG,"superior frontal gyrus, caudomedial part ",SFG.cm,8Bm,Frontal,Frontal,0.9488372093023256
4,Frontal Lobe,"Superior Frontal Gyrus",SFG,"superior frontal gyrus, rostromedial part",SFG.rm,9M,Frontal,Frontal,0.9382677165354331
3,Frontal Lobe,"Frontal Pole",FP,"frontal pole,  ventral part",FP.v,10V/46V,Frontal,Frontal,0.7169290251311793
2,Frontal Lobe,"Frontal Pole",FP,"frontal pole,  medial part",FP.m,10M/10V,Frontal,Frontal,0.9330207635632954
1,Frontal Lobe,"Frontal Pole",FP,"frontal pole, dorsal part",FP.d,10D/46D,Frontal,Frontal,0.9239577216676453
